<metadata xml:lang="en"><Esri><CreaDate>20160731</CreaDate><CreaTime>01342600</CreaTime><ArcGISFormat>1.0</ArcGISFormat><SyncOnce>FALSE</SyncOnce><DataProperties><lineage><Process ToolSource="p:\program files (x86)\arcgis\desktop10.3\ArcToolbox\Toolboxes\Data Management Tools.tbx\CopyFeatures" Date="20160731" Time="013422">CopyFeatures XYWells c:\Users\ArcGISWebServices\Documents\ODNR_ArcGIS_Custom\Temp\RBDMStoSDEData.gdb\OG_WELLS_LL # 0 0 0</Process><Process ToolSource="p:\program files (x86)\arcgis\desktop10.3\ArcToolbox\Toolboxes\Data Management Tools.tbx\Project" Date="20160731" Time="013518">Project c:/users/ArcGISWebServices/Documents/ODNR_ArcGIS_Custom/Temp/RBDMStoSDEData.gdb/OG_WELLS_LL c:\Users\ArcGISWebServices\Documents\ODNR_ArcGIS_Custom\Temp\RBDMStoSDEData.gdb\OG_WELLS PROJCS['NAD_1983_StatePlane_Ohio_South_FIPS_3402_Feet',GEOGCS['GCS_North_American_1983',DATUM['D_North_American_1983',SPHEROID['GRS_1980',6378137.0,298.257222101]],PRIMEM['Greenwich',0.0],UNIT['Degree',0.0174532925199433]],PROJECTION['Lambert_Conformal_Conic'],PARAMETER['False_Easting',1968500.0],PARAMETER['False_Northing',0.0],PARAMETER['Central_Meridian',-82.5],PARAMETER['Standard_Parallel_1',38.73333333333333],PARAMETER['Standard_Parallel_2',40.03333333333333],PARAMETER['Latitude_Of_Origin',38.0],UNIT['Foot_US',0.3048006096012192]] # GEOGCS['GCS_North_American_1983',DATUM['D_North_American_1983',SPHEROID['GRS_1980',6378137.0,298.257222101]],PRIMEM['Greenwich',0.0],UNIT['Degree',0.0174532925199433]] NO_PRESERVE_SHAPE #</Process><Process ToolSource="p:\program files (x86)\arcgis\desktop10.3\ArcToolbox\Toolboxes\Data Management Tools.tbx\CopyFeatures" Date="20160731" Time="014448">CopyFeatures OG_WELLS_view C:\Users\ArcGISWebServices\AppData\Roaming\ESRI\Desktop10.3\ArcCatalog\OILGAS.Oilgas_Creator.sde\oilgas.OILGAS_CREATOR.OGWELLS_AllFields # 0 0 0</Process><Process ToolSource="p:\program files (x86)\arcgis\desktop10.3\ArcToolbox\Toolboxes\Data Management Tools.tbx\ChangePrivileges" Date="20160731" Time="014449">ChangePrivileges C:/Users/ArcGISWebServices/AppData/Roaming/ESRI/Desktop10.3/ArcCatalog/OILGAS.Oilgas_Creator.sde/OGWELLS_AllFields NRDNR\734G_SDE_Readers GRANT #</Process><Process ToolSource="P:\Program Files (x86)\ArcGIS\Desktop10.0\ArcToolbox\Toolboxes\Analysis Tools.tbx\Clip" Date="20160731" Time="170439">Clip C:/users/picard/documents/odnr_arcgis_custom/software/Oilgas.AGSAnon.sde/Oilgas.OILGAS_CREATOR.OGWELLS_AllFields County_clip_feature C:\Users\picard\documents\odnr_arcgis_custom\Software\Export_OGWells_to_GeodataFTP_Files\CountySHPs\OGWells_ada\OGWells_ada.shp #</Process><Process ToolSource="P:\Program Files (x86)\ArcGIS\Desktop10.0\ArcToolbox\Toolboxes\Data Management Tools.tbx\DeleteField" Date="20160731" Time="170443">DeleteField C:/Users/picard/documents/odnr_arcgis_custom/Software/Export_OGWells_to_GeodataFTP_Files/CountySHPs/OGWells_ada/OGWells_ada.shp LOCATION_I;WELL_STATU;COMPANY_NA;COMPANY_AD;COMPANY__1;COMPANY_CI;COMPANY_ZI;LAT;LONG;BH_LAT;BH_LONG;PROPOSED_F;UTICA_SHAL;MARCELLUS_;WELL_STA_1;GIS_STATUS;WELL_NAME;PDF_LINK</Process></lineage><itemProps><itemLocation><linkage Sync="TRUE">file://\\NRGISHOME\C\Users\picard\documents\odnr_arcgis_custom\Software\Export_OGWells_to_GeodataFTP_Files\CountySHPs\OGWells_ada\OGWells_ada.shp</linkage><protocol Sync="TRUE">Local Area Network</protocol></itemLocation><itemName Sync="TRUE">OGWells_ada</itemName><itemSize Sync="TRUE">0.001</itemSize><imsContentType Sync="TRUE">002</imsContentType><nativeExtBox><westBL Sync="TRUE">1625751.154316</westBL><eastBL Sync="TRUE">1746635.803950</eastBL><southBL Sync="TRUE">222798.234388</southBL><northBL Sync="TRUE">383154.690577</northBL><exTypeCode Sync="TRUE">1</exTypeCode></nativeExtBox></itemProps><coordRef><type Sync="TRUE">Projected</type><geogcsn Sync="TRUE">GCS_North_American_1983</geogcsn><csUnits Sync="TRUE">Linear Unit: Foot_US (0.304801)</csUnits><projcsn Sync="TRUE">NAD_1983_StatePlane_Ohio_South_FIPS_3402_Feet</projcsn><peXml Sync="TRUE">&lt;ProjectedCoordinateSystem xsi:type='typens:ProjectedCoordinateSystem' xmlns:xsi='http://www.w3.org/2001/XMLSchema-instance' xmlns:xs='http://www.w3.org/2001/XMLSchema' xmlns:typens='http://www.esri.com/schemas/ArcGIS/10.0'&gt;&lt;WKT&gt;PROJCS[&amp;quot;NAD_1983_StatePlane_Ohio_South_FIPS_3402_Feet&amp;quot;,GEOGCS[&amp;quot;GCS_North_American_1983&amp;quot;,DATUM[&amp;quot;D_North_American_1983&amp;quot;,SPHEROID[&amp;quot;GRS_1980&amp;quot;,6378137.0,298.257222101]],PRIMEM[&amp;quot;Greenwich&amp;quot;,0.0],UNIT[&amp;quot;Degree&amp;quot;,0.0174532925199433]],PROJECTION[&amp;quot;Lambert_Conformal_Conic&amp;quot;],PARAMETER[&amp;quot;False_Easting&amp;quot;,1968500.0],PARAMETER[&amp;quot;False_Northing&amp;quot;,0.0],PARAMETER[&amp;quot;Central_Meridian&amp;quot;,-82.5],PARAMETER[&amp;quot;Standard_Parallel_1&amp;quot;,38.73333333333333],PARAMETER[&amp;quot;Standard_Parallel_2&amp;quot;,40.03333333333333],PARAMETER[&amp;quot;Latitude_Of_Origin&amp;quot;,38.0],UNIT[&amp;quot;Foot_US&amp;quot;,0.3048006096012192],AUTHORITY[&amp;quot;EPSG&amp;quot;,3735]]&lt;/WKT&gt;&lt;XOrigin&gt;-119670700&lt;/XOrigin&gt;&lt;YOrigin&gt;-95612900&lt;/YOrigin&gt;&lt;XYScale&gt;37024245.698512442&lt;/XYScale&gt;&lt;ZOrigin&gt;-100000&lt;/ZOrigin&gt;&lt;ZScale&gt;10000&lt;/ZScale&gt;&lt;MOrigin&gt;-100000&lt;/MOrigin&gt;&lt;MScale&gt;10000&lt;/MScale&gt;&lt;XYTolerance&gt;0.0032808333333333335&lt;/XYTolerance&gt;&lt;ZTolerance&gt;0.001&lt;/ZTolerance&gt;&lt;MTolerance&gt;0.001&lt;/MTolerance&gt;&lt;HighPrecision&gt;true&lt;/HighPrecision&gt;&lt;WKID&gt;3735&lt;/WKID&gt;&lt;/ProjectedCoordinateSystem&gt;</peXml></coordRef></DataProperties><SyncDate>20160731</SyncDate><SyncTime>17050100</SyncTime><ModDate>20160731</ModDate><ModTime>17050100</ModTime></Esri><mdLang><languageCode value="eng"/><countryCode value="USA" Sync="TRUE"></countryCode></mdLang><mdChar><CharSetCd value="004"/></mdChar><mdHrLv><ScopeCd value="005"/></mdHrLv><distInfo><distributor><distorCont><rpOrgName>ODNR - Office of Information Technology</rpOrgName><role><RoleCd value="005"/></role></distorCont></distributor><distFormat><formatName Sync="TRUE">Shapefile</formatName></distFormat><distTranOps><transSize Sync="TRUE">0.001</transSize></distTranOps></distInfo><dataIdInfo><idCitation><resTitle Sync="TRUE">OGWells_ada</resTitle><citRespParty><rpOrgName>ODNR - Division of Oil and Gas Resource Management</rpOrgName><role><RoleCd value="006"/></role></citRespParty><citRespParty><rpOrgName>ODNR - Divsion of Geological Suvey</rpOrgName><role><RoleCd value="006"/></role></citRespParty><presForm><PresFormCd value="005"/></presForm><presForm><fgdcGeoform>vector digital data</fgdcGeoform></presForm><otherCitDet>Updated Quarterly</otherCitDet></idCitation><idAbs>Maps and data associated with oil-and-gas wells represent one of the largest datasets at the Ohio Department of Natural Resources. This GIS data layer contains all the locatable oil-and-gas wells in Ohio. The feature is derived from coordinates obtained from the Division of Oil and Gas Resources Management (DOGRM) oil and gas well database – Risk Based Data Management System (RBDMS). The RBDMS database has a long history and is a comprehensive collection of well data from historic pre-1980 paper well records (digitized by the Division of Geological Survey (DGS)) to post-1980 DOGRM database solutions.Since 1860, it is estimated that more than 267,000 oil-and-gas wells have been drilled in Ohio.</idAbs><idPurp>The primary purpose of the data set is to provide accurate location for all known oil and gas well activity in the state of Ohio. It was also created for the Ohio Division of Oil and Gas Resources Management to issue well permits based upon spacing requirements. The data can also be used by the oil-and-gas industry for exploration and for environmental remediation.</idPurp><idCredit>Ohio Department of Natural Resource - Division of Geological Survey, Ohio Department of Natural Resource - Division of Oil and Gas Resources Management, Ohio Penal Industries - Marion Correctional Institution</idCredit><idStatus><ProgCd value="001"/></idStatus><idPoC><rpOrgName>ODNR - Division of Geological Survey</rpOrgName><rpCntInfo><cntPhone><voiceNum>(614) 265-6576</voiceNum><faxNum>(614) 447-1918</faxNum></cntPhone><cntAddress addressType="both"><delPoint>2045 Morse Rd., Bldg F-2</delPoint><city>Columbus</city><adminArea>OH</adminArea><postCode>43229</postCode><country>US</country><eMailAdd>geo.survey@dnr.state.oh.us</eMailAdd></cntAddress><cntHours>M–F 8:00–11:30a and 1:00–4:00p (M,W,F by appointment only)</cntHours></rpCntInfo><role><RoleCd value="007"/></role></idPoC><resMaint><maintFreq><MaintFreqCd value="006"/></maintFreq></resMaint><themeKeys><keyword>geology</keyword><keyword>exploration</keyword><keyword>petroleum</keyword><keyword>oil and gas</keyword><keyword>wells</keyword><keyword>well location</keyword><keyword>oil</keyword><keyword>Ohio</keyword><keyword>gas</keyword></themeKeys><searchKeys><keyword>geology</keyword><keyword>exploration</keyword><keyword>petroleum</keyword><keyword>oil and gas</keyword><keyword>wells</keyword><keyword>well location</keyword><keyword>oil</keyword><keyword>Ohio</keyword><keyword>gas</keyword></searchKeys><resConst><SecConsts><class><ClasscationCd value="001"/></class></SecConsts></resConst><resConst><Consts><useLimit>This product of the Ohio Department of Natural Resources is intended to provide general information only and should not be used for any other purpose. It is not intended for resale or to replace site-specific investigations. These data were compiled by the Ohio Department of Natural Resources, which reserves the publication rights to this material. If these data are used in the compilation of other data sets or maps for distribution or publication, this source must be referenced. The information contained herein may be updated or edited in the future. Future releases of this material, if altered, will display a revision date. Users should check to ensure they have the latest version and reference the appropriate revision date if it is being used in other works. Neither the Ohio Department of Natural Resources, nor any agency thereof, nor any of their employees, contractors, or subcontractors, make any warranty, express or implied, nor assume any legal liability or responsibility for the accuracy, completeness, or usefulness of this product. Any use thereof for a purpose other than for which said information or product was intended shall be solely at the risk of the user.</useLimit></Consts></resConst><spatRpType><SpatRepTypCd value="001"/></spatRpType><dataLang><languageCode value="eng"/><countryCode value="USA" Sync="TRUE"></countryCode></dataLang><tpCat><TopicCatCd value="013"/></tpCat><tpCat><TopicCatCd value="008"/></tpCat><envirDesc Sync="TRUE">Microsoft Windows Server 2008 R2 Version 6.1 (Build 7601) Service Pack 1; ESRI ArcGIS 10.0.5.4400</envirDesc><dataExt><geoEle><GeoBndBox esriExtentType="search"><exTypeCode Sync="TRUE">1</exTypeCode><westBL Sync="TRUE">-83.706853</westBL><eastBL Sync="TRUE">-83.276378</eastBL><northBL Sync="TRUE">39.049364</northBL><southBL Sync="TRUE">38.605460</southBL></GeoBndBox></geoEle></dataExt></dataIdInfo><spatRepInfo><VectSpatRep><geometObjs Name="OGWells_ada"><geoObjTyp><GeoObjTypCd value="004" Sync="TRUE"></GeoObjTypCd></geoObjTyp><geoObjCnt Sync="TRUE">30</geoObjCnt></geometObjs><topLvl><TopoLevCd value="001" Sync="TRUE"></TopoLevCd></topLvl></VectSpatRep></spatRepInfo><eainfo><detailed Name="OGWells_ada"><enttyp><enttypl Sync="TRUE">OGWells_ada</enttypl><enttypt Sync="TRUE">Feature Class</enttypt><enttypc Sync="TRUE">30</enttypc><enttypd>Point feature attribute table</enttypd><enttypds>ODGS</enttypds></enttyp><attr><attrlabl>TOWNSHIP</attrlabl><attrdef>Township name in which the well is located.</attrdef><attrdefs>ODGS</attrdefs><attalias Sync="TRUE">TOWNSHIP</attalias><attrtype Sync="TRUE">String</attrtype><attwidth Sync="TRUE">20</attwidth><atprecis Sync="TRUE">0</atprecis><attscale Sync="TRUE">0</attscale></attr><attr><attrlabl>BH_LONG83</attrlabl><attrdef>Longitude NAD83 coordinate for the bottom hole location</attrdef><attrdefs>DOGRM</attrdefs><attalias Sync="TRUE">BH_LONG83</attalias><attrtype Sync="TRUE">Double</attrtype><attwidth Sync="TRUE">19</attwidth><atprecis Sync="TRUE">18</atprecis><attscale Sync="TRUE">8</attscale></attr><attr><attrlabl>WL_SYMBOL</attrlabl><attrdef>Well symbol codes to give a "status" of the well.</attrdef><attrdefs>ODGS</attrdefs><attrdomv><edom><edomv>dry_gasshow</edomv><edomvd>Dry hole with gas show</edomvd></edom><edom><edomv>water_supply</edomv><edomvd>Water supply well</edomvd></edom><edom><edomv>brine_di_cont</edomv><edomvd>Brine well for dust and ice control</edomvd></edom><edom><edomv>losthole</edomv><edomvd>Lost hole</edomvd></edom><edom><edomv>pl_injection</edomv><edomvd>Plugged injection well</edomvd></edom><edom><edomv>dry</edomv><edomvd>Dry hole</edomvd></edom><edom><edomv>og_convert_water</edomv><edomvd>Oil and gas well converted to water</edomvd></edom><edom><edomv>gasshow</edomv><edomvd>Gas show</edomvd></edom><edom><edomv>oilshow</edomv><edomvd>Oil show</edomvd></edom><edom><edomv>pl_oil_gas</edomv><edomvd>Plugged oil and gas well</edomvd></edom><edom><edomv>strat_test</edomv><edomvd>Stratigraphy test hole</edomvd></edom><edom><edomv>injection</edomv><edomvd>Injection well</edomvd></edom><edom><edomv>unknown</edomv><edomvd>Unknown well status</edomvd></edom><edom><edomv>radtools_lost</edomv><edomvd>Radioactive tools lost in hole</edomvd></edom><edom><edomv>observation</edomv><edomvd>Observation well</edomvd></edom><edom><edomv>gas_oilshow</edomv><edomvd>Gas well with oil show</edomvd></edom><edom><edomv>oil_gas</edomv><edomvd>Oil and gas well</edomvd></edom><edom><edomv>storage</edomv><edomvd>Gas storage well</edomvd></edom><edom><edomv>pl_gas</edomv><edomvd>Plugged gas well</edomvd></edom><edom><edomv>pl_gas_oilshow</edomv><edomvd>Plugged gas well with oil show</edomvd></edom><edom><edomv>ex_permit</edomv><edomvd>Expired permitted location</edomvd></edom><edom><edomv>pl_oil</edomv><edomvd>Plugged oil well</edomvd></edom><edom><edomv>gs_oilshow</edomv><edomvd>Gas and oil show</edomvd></edom><edom><edomv>solution</edomv><edomvd>Solution mining well</edomvd></edom><edom><edomv>dry_oilshow</edomv><edomvd>Dry hole with oil show</edomvd></edom><edom><edomv>cbm</edomv><edomvd>Colabed methane well</edomvd></edom><edom><edomv>gas</edomv><edomvd>Gas well</edomvd></edom><edom><edomv>pl_brine_di_cont</edomv><edomvd>Plugged brine well for dust and ice control</edomvd></edom><edom><edomv>pl_oil_gasshow</edomv><edomvd>Plugged oil well with gas show</edomvd></edom><edom><edomv>dry_oilgas_show</edomv><edomvd>Dry hole with oil and gas show</edomvd></edom><edom><edomv>oil_gasshow</edomv><edomvd>Oil well with gas show</edomvd></edom><edom><edomv>oil</edomv><edomvd>Oil well</edomvd></edom><edom><edomv>permitted_loc</edomv><edomvd>Permitted location</edomvd></edom></attrdomv><attalias Sync="TRUE">WL_SYMBOL</attalias><attrtype Sync="TRUE">String</attrtype><attwidth Sync="TRUE">17</attwidth><atprecis Sync="TRUE">0</atprecis><attscale Sync="TRUE">0</attscale></attr><attr><attrlabl>IP_OIL</attrlabl><attrdef>Initial production of oil</attrdef><attrdefs>ODGS</attrdefs><attalias Sync="TRUE">IP_OIL</attalias><attrtype Sync="TRUE">Double</attrtype><attwidth Sync="TRUE">10</attwidth><atprecis Sync="TRUE">10</atprecis><attscale Sync="TRUE">0</attscale></attr><attr><attrlabl>FID</attrlabl><attrdef>Internal feature number.</attrdef><attrdefs>ESRI</attrdefs><attrdomv><udom>Sequential unique whole numbers that are automatically generated.</udom></attrdomv><attalias Sync="TRUE">FID</attalias><attrtype Sync="TRUE">OID</attrtype><attwidth Sync="TRUE">4</attwidth><atprecis Sync="TRUE">0</atprecis><attscale Sync="TRUE">0</attscale></attr><attr><attrlabl>API_NO</attrlabl><attrdef>API standard permit number assigned to the well</attrdef><attrdefs>American Petroleum Institute</attrdefs><attalias Sync="TRUE">API_NO</attalias><attrtype Sync="TRUE">String</attrtype><attwidth Sync="TRUE">14</attwidth><atprecis Sync="TRUE">0</atprecis><attscale Sync="TRUE">0</attscale></attr><attr><attrlabl>PLUG_DATE</attrlabl><attrdef>Date the well was plugged</attrdef><attrdefs>ODGS</attrdefs><attalias Sync="TRUE">PLUG_DATE</attalias><attrtype Sync="TRUE">Date</attrtype><attwidth Sync="TRUE">8</attwidth><atprecis Sync="TRUE">0</atprecis><attscale Sync="TRUE">0</attscale></attr><attr><attrlabl>PRODFM2</attrlabl><attrdef>The second producing formation.</attrdef><attrdefs>ODGS</attrdefs><attrdomv><codesetd><codesetn>CSDcode - DDF3 fmcodes.asc file</codesetn><codesets>AAPG and ODGS</codesets></codesetd></attrdomv><attalias Sync="TRUE">PRODFM2</attalias><attrtype Sync="TRUE">String</attrtype><attwidth Sync="TRUE">40</attwidth><atprecis Sync="TRUE">0</atprecis><attscale Sync="TRUE">0</attscale></attr><attr><attrlabl>TOTAL_DEPT</attrlabl><attrdef>Total depth of the well</attrdef><attalias Sync="TRUE">TOTAL_DEPT</attalias><attrtype Sync="TRUE">Double</attrtype><attwidth Sync="TRUE">10</attwidth><atprecis Sync="TRUE">10</atprecis><attscale Sync="TRUE">0</attscale></attr><attr><attrlabl Sync="TRUE">ELEV_GR</attrlabl><attalias Sync="TRUE">ELEV_GR</attalias><attrtype Sync="TRUE">Double</attrtype><attwidth Sync="TRUE">10</attwidth><atprecis Sync="TRUE">10</atprecis><attscale Sync="TRUE">0</attscale></attr><attr><attrlabl Sync="TRUE">ACREAGE</attrlabl><attalias Sync="TRUE">ACREAGE</attalias><attrtype Sync="TRUE">Double</attrtype><attwidth Sync="TRUE">19</attwidth><atprecis Sync="TRUE">18</atprecis><attscale Sync="TRUE">8</attscale></attr><attr><attrlabl>OP_PHONE</attrlabl><attrdef>Phone number of the well operator/company. Used as a contact for emergency purposes.</attrdef><attalias Sync="TRUE">OP_PHONE</attalias><attrtype Sync="TRUE">String</attrtype><attwidth Sync="TRUE">12</attwidth><atprecis Sync="TRUE">0</atprecis><attscale Sync="TRUE">0</attscale></attr><attr><attrlabl>LAT83</attrlabl><attrdef>Latitude using NAD83 datum</attrdef><attrdefs>ODGS</attrdefs><attalias Sync="TRUE">LAT83</attalias><attrtype Sync="TRUE">Double</attrtype><attwidth Sync="TRUE">19</attwidth><atprecis Sync="TRUE">18</atprecis><attscale Sync="TRUE">8</attscale></attr><attr><attrlabl>PRODFM1</attrlabl><attrdef>The first producing formation</attrdef><attrdefs>ODGS</attrdefs><attrdomv><codesetd><codesetn>CSDcode - DDF3 fmcodes.asc file</codesetn><codesets>AAPG and ODGS</codesets></codesetd></attrdomv><attalias Sync="TRUE">PRODFM1</attalias><attrtype Sync="TRUE">String</attrtype><attwidth Sync="TRUE">40</attwidth><atprecis Sync="TRUE">0</atprecis><attscale Sync="TRUE">0</attscale></attr><attr><attrlabl>COUNTY</attrlabl><attrdef>County name in which the well is located.</attrdef><attrdefs>ODGS</attrdefs><attalias Sync="TRUE">COUNTY</attalias><attrtype Sync="TRUE">String</attrtype><attwidth Sync="TRUE">20</attwidth><atprecis Sync="TRUE">0</atprecis><attscale Sync="TRUE">0</attscale></attr><attr><attrlabl>BH_LAT83</attrlabl><attrdef>Latitude NAD83 coordinate for the bottom hole location</attrdef><attrdefs>DOGRM</attrdefs><attalias Sync="TRUE">BH_LAT83</attalias><attrtype Sync="TRUE">Double</attrtype><attwidth Sync="TRUE">19</attwidth><atprecis Sync="TRUE">18</atprecis><attscale Sync="TRUE">8</attscale></attr><attr><attrlabl>LONG83</attrlabl><attrdef>Longitude using NAD83 datum</attrdef><attrdefs>ODGS</attrdefs><attalias Sync="TRUE">LONG83</attalias><attrtype Sync="TRUE">Double</attrtype><attwidth Sync="TRUE">19</attwidth><atprecis Sync="TRUE">18</atprecis><attscale Sync="TRUE">8</attscale></attr><attr><attrlabl>COMP_DATE</attrlabl><attrdef>Date the well was completed</attrdef><attrdefs>ODGS</attrdefs><attalias Sync="TRUE">COMP_DATE</attalias><attrtype Sync="TRUE">Date</attrtype><attwidth Sync="TRUE">8</attwidth><atprecis Sync="TRUE">0</atprecis><attscale Sync="TRUE">0</attscale></attr><attr><attrlabl>MAPSYMBOL_</attrlabl><attrdef>Well symbol definition</attrdef><attrdefs>DOGRM</attrdefs><attalias Sync="TRUE">MAPSYMBOL_</attalias><attrtype Sync="TRUE">String</attrtype><attwidth Sync="TRUE">30</attwidth><atprecis Sync="TRUE">0</atprecis><attscale Sync="TRUE">0</attscale></attr><attr><attrlabl>SLANT</attrlabl><attrdef>Type of slant in wellbore. (V-vertical, D-directional, H-horizontal_</attrdef><attrdefs>DOGRM</attrdefs><attalias Sync="TRUE">SLANT</attalias><attrtype Sync="TRUE">String</attrtype><attwidth Sync="TRUE">1</attwidth><atprecis Sync="TRUE">0</atprecis><attscale Sync="TRUE">0</attscale></attr><attr><attrlabl>PERMIT_ISS</attrlabl><attrdef>Date the permit was issued for the well</attrdef><attrdefs>DOGRM</attrdefs><attalias Sync="TRUE">PERMIT_ISS</attalias><attrtype Sync="TRUE">Date</attrtype><attwidth Sync="TRUE">8</attwidth><atprecis Sync="TRUE">0</atprecis><attscale Sync="TRUE">0</attscale></attr><attr><attrlabl>GeoPhysLog</attrlabl><attrdef>Status of geophysical logs (paper or scanned (.tif) or both)</attrdef><attrdefs>ODGS</attrdefs><attalias Sync="TRUE">GeoPhysLog</attalias><attrtype Sync="TRUE">String</attrtype><attwidth Sync="TRUE">9</attwidth><atprecis Sync="TRUE">0</atprecis><attscale Sync="TRUE">0</attscale></attr><attr><attrlabl>DEEPEST_FO</attrlabl><attrdef>Deepest formation drilled to for well</attrdef><attrdefs>DOGRM</attrdefs><attalias Sync="TRUE">DEEPEST_FO</attalias><attrtype Sync="TRUE">String</attrtype><attwidth Sync="TRUE">40</attwidth><atprecis Sync="TRUE">0</atprecis><attscale Sync="TRUE">0</attscale></attr><attr><attrlabl>Shape</attrlabl><attrdef>Feature geometry.</attrdef><attrdefs>ESRI</attrdefs><attrdomv><udom>Coordinates defining the features.</udom></attrdomv><attalias Sync="TRUE">Shape</attalias><attrtype Sync="TRUE">Geometry</attrtype><attwidth Sync="TRUE">0</attwidth><atprecis Sync="TRUE">0</atprecis><attscale Sync="TRUE">0</attscale></attr><attr><attrlabl>OP_ADDRESS</attrlabl><attrdef>Mailing address of the well operator/company. Used as a contact for emergency purposes.</attrdef><attalias Sync="TRUE">OP_ADDRESS</attalias><attrtype Sync="TRUE">String</attrtype><attwidth Sync="TRUE">87</attwidth><atprecis Sync="TRUE">0</atprecis><attscale Sync="TRUE">0</attscale></attr><attr><attrlabl>LEASE_NAME</attrlabl><attrdef>Lease/farm name</attrdef><attrdefs>ODGS</attrdefs><attalias Sync="TRUE">LEASE_NAME</attalias><attrtype Sync="TRUE">String</attrtype><attwidth Sync="TRUE">50</attwidth><atprecis Sync="TRUE">0</atprecis><attscale Sync="TRUE">0</attscale></attr><attr><attrlabl>OPERATOR</attrlabl><attrdef>Well operator/Company name</attrdef><attrdefs>ODGS</attrdefs><attalias Sync="TRUE">OPERATOR</attalias><attrtype Sync="TRUE">String</attrtype><attwidth Sync="TRUE">30</attwidth><atprecis Sync="TRUE">0</atprecis><attscale Sync="TRUE">0</attscale></attr><attr><attrlabl>IP_GAS</attrlabl><attrdef>Initial production of gas</attrdef><attrdefs>ODGS</attrdefs><attalias Sync="TRUE">IP_GAS</attalias><attrtype Sync="TRUE">Double</attrtype><attwidth Sync="TRUE">10</attwidth><atprecis Sync="TRUE">10</atprecis><attscale Sync="TRUE">0</attscale></attr><attr><attrlabl>WELL_NO</attrlabl><attrdef>Associated well number or lease number for the permitted well location.</attrdef><attrdefs>ODGS</attrdefs><attalias Sync="TRUE">WELL_NO</attalias><attrtype Sync="TRUE">String</attrtype><attwidth Sync="TRUE">12</attwidth><atprecis Sync="TRUE">0</atprecis><attscale Sync="TRUE">0</attscale></attr></detailed></eainfo><mdHrLvName Sync="TRUE">dataset</mdHrLvName><refSysInfo><RefSystem><refSysID><identCode code="3735" Sync="TRUE"></identCode><idCodeSpace Sync="TRUE">EPSG</idCodeSpace><idVersion Sync="TRUE">7.4.1</idVersion></refSysID></RefSystem></refSysInfo><spdoinfo><ptvctinf><esriterm><efeatyp Sync="TRUE">Simple</efeatyp><efeageom code="1" Sync="TRUE"></efeageom><esritopo Sync="TRUE">FALSE</esritopo><efeacnt Sync="TRUE">30</efeacnt><spindex Sync="TRUE">TRUE</spindex><linrefer Sync="TRUE">FALSE</linrefer></esriterm></ptvctinf></spdoinfo><mdDateSt Sync="TRUE">20160731</mdDateSt></metadata>
